Modelo,accuracy (mean),accuracy (std),f1 (mean),f1 (std),precision (mean),precision (std),recall (mean),recall (std),roc_auc (mean),roc_auc (std)
Logistic Regression,0.7214680736999519,0.0009526828847708224,0.7197897078052269,0.0007376567634354744,0.7241564528893658,0.0013376402309264472,0.7154764256087582,0.00037343197441529967,0.7931432244679484,0.0003670620346353686
Linear SVM,0.7200996021556955,0.0009447105731259113,0.7166699326361623,0.0006852257761567765,0.7255663680289156,0.0016582921519884006,0.7079935667729466,0.0012540058747049026,0.7904397539444474,0.0003635187514356561
Random Forest,0.8363688947828786,0.0008468063654814957,0.8411642488075213,0.0007824948350773027,0.8172167269395102,0.0010588819195110296,0.8665585056855056,0.0008652029929411467,0.9149342077447056,0.000732915245588638
Gradient Boosting,0.8280099319996614,0.0007897052519120498,0.8323470410783642,0.0007131515665018265,0.8118758496751948,0.0010666706755234423,0.8538782765723315,0.0007873502420097231,0.9093713010184228,0.0008377469468763199
